{"cameraMode":{"drawMode":0,"name":"Shaded","section":"Shading Mode"},"sceneLighting":false,"audioPlay":false,"sceneViewState":{"showFog":true,"showMaterialUpdate":false,"showSkybox":false,"showFlares":true,"showImageEffects":true,"showParticleSystems":true},"in2DMode":false,"pivot":{"x":513.1532592773438,"y":90.62279510498047,"z":35.401206970214847},"rotation":{"x":0.4772815406322479,"y":0.08933892846107483,"z":-0.04885224625468254,"w":0.8728320598602295},"size":4.041658401489258,"orthographic":false}