{"cameraMode":{"drawMode":0,"name":"Shaded","section":"Shading Mode"},"sceneLighting":true,"audioPlay":false,"sceneViewState":{"showFog":true,"showMaterialUpdate":false,"showSkybox":true,"showFlares":true,"showImageEffects":true,"showParticleSystems":true},"in2DMode":false,"pivot":{"x":0.09344686567783356,"y":0.30647337436676028,"z":-0.3107609748840332},"rotation":{"x":-0.07663754373788834,"y":0.8908026218414307,"z":-0.16376478970050813,"w":-0.41687121987342837},"size":10.967055320739746,"orthographic":false}